sales_id,medication_id,quantity_sold,sale_date
S001,M021,29,2026-04-04
S002,M019,23,2026-01-17
S003,M089,2,2026-04-02
S004,M055,28,2026-02-03
S005,M038,6,2026-03-13
S006,M074,28,2026-02-07
S007,M023,22,2026-02-24
S008,M039,10,2026-03-03
S009,M083,23,2026-01-07
S010,M003,26,2026-02-17
S011,M069,2,2026-01-31
S012,M060,22,2026-02-22
S013,M088,1,2026-01-17
S014,M062,5,2026-03-10
S015,M085,23,2026-01-19
S016,M075,20,2026-03-27
S017,M094,5,2026-03-05
S018,M060,17,2026-02-18
S019,M004,26,2026-01-08
S020,M041,24,2026-04-03
S021,M089,8,2026-01-09
S022,M025,14,2026-01-20
S023,M072,23,2026-03-15
S024,M015,7,2026-01-19
S025,M092,29,2026-02-05
S026,M069,7,2026-03-25
S027,M038,11,2026-03-11
S028,M076,27,2026-01-18
S029,M043,13,2026-02-12
S030,M033,5,2026-02-20
S031,M086,10,2026-01-14
S032,M087,11,2026-04-03
S033,M092,16,2026-02-13
S034,M052,4,2026-02-03
S035,M010,13,2026-03-22
S036,M023,9,2026-03-21
S037,M073,7,2026-01-25
S038,M034,11,2026-01-17
S039,M098,30,2026-02-18
S040,M027,2,2026-03-02
S041,M044,5,2026-03-08
S042,M034,14,2026-01-22
S043,M012,24,2026-02-21
S044,M013,3,2026-01-18
S045,M067,2,2026-01-20
S046,M093,2,2026-03-10
S047,M044,21,2026-03-01
S048,M098,22,2026-03-23
S049,M051,11,2026-03-16
S050,M090,20,2026-03-05
S051,M091,18,2026-03-21
S052,M055,13,2026-02-01
S053,M080,10,2026-03-29
S054,M069,4,2026-01-25
S055,M073,3,2026-01-24
S056,M025,21,2026-02-17
S057,M008,14,2026-03-18
S058,M058,13,2026-03-03
S059,M006,17,2026-04-06
S060,M072,26,2026-01-13
S061,M084,18,2026-01-24
S062,M081,10,2026-01-14
S063,M099,18,2026-02-21
S064,M012,22,2026-01-16
S065,M076,1,2026-01-24
S066,M093,6,2026-02-17
S067,M063,4,2026-03-23
S068,M011,23,2026-03-12
S069,M037,19,2026-03-21
S070,M010,20,2026-02-12
S071,M082,2,2026-03-29
S072,M053,14,2026-02-20
S073,M005,22,2026-04-03
S074,M029,1,2026-03-28
S075,M020,14,2026-02-06
S076,M025,27,2026-01-16
S077,M061,24,2026-03-09
S078,M065,28,2026-03-17
S079,M001,11,2026-01-13
S080,M009,4,2026-01-27
S081,M048,10,2026-03-08
S082,M017,5,2026-02-13
S083,M076,11,2026-03-03
S084,M002,16,2026-03-11
S085,M049,11,2026-01-12
S086,M068,11,2026-02-19
S087,M035,15,2026-01-26
S088,M051,28,2026-03-06
S089,M028,16,2026-03-30
S090,M054,2,2026-02-22
S091,M024,30,2026-03-18
S092,M024,12,2026-03-24
S093,M067,19,2026-02-01
S094,M087,27,2026-01-31
S095,M018,11,2026-01-21
S096,M040,2,2026-03-08
S097,M020,22,2026-02-18
S098,M073,3,2026-02-21
S099,M057,10,2026-02-25
S100,M024,9,2026-03-09
S101,M071,17,2026-02-26
S102,M028,22,2026-03-07
S103,M068,25,2026-02-25
S104,M040,30,2026-02-16
S105,M099,13,2026-04-02
S106,M011,17,2026-01-17
S107,M086,21,2026-03-13
S108,M031,27,2026-02-10
S109,M016,12,2026-01-23
S110,M013,11,2026-01-18
S111,M011,6,2026-02-25
S112,M041,13,2026-01-17
S113,M092,27,2026-02-06
S114,M044,7,2026-03-08
S115,M072,1,2026-02-02
S116,M043,12,2026-02-14
S117,M078,23,2026-01-28
S118,M033,2,2026-03-23
S119,M074,30,2026-03-20
S120,M073,8,2026-01-30
S121,M054,16,2026-03-11
S122,M035,21,2026-03-25
S123,M029,30,2026-03-11
S124,M075,10,2026-01-24
S125,M037,14,2026-04-06
S126,M018,22,2026-03-22
S127,M100,5,2026-01-09
S128,M050,18,2026-02-22
S129,M001,24,2026-04-02
S130,M014,13,2026-01-20
S131,M078,25,2026-02-19
S132,M089,19,2026-01-13
S133,M072,6,2026-02-07
S134,M054,30,2026-03-16
S135,M022,16,2026-03-02
S136,M040,4,2026-03-18
S137,M001,19,2026-03-18
S138,M052,2,2026-03-27
S139,M060,1,2026-02-17
S140,M049,19,2026-01-22
S141,M054,27,2026-03-30
S142,M041,8,2026-03-31
S143,M001,28,2026-02-16
S144,M085,5,2026-02-05
S145,M030,16,2026-02-24
S146,M043,14,2026-02-27
S147,M001,30,2026-01-24
S148,M054,17,2026-04-02
S149,M083,19,2026-03-08
S150,M039,13,2026-03-05
S151,M083,16,2026-03-05
S152,M083,5,2026-01-21
S153,M001,11,2026-03-14
S154,M017,20,2026-03-06
S155,M049,13,2026-03-06
S156,M011,12,2026-02-16
S157,M003,13,2026-03-04
S158,M035,13,2026-03-23
S159,M027,18,2026-01-12
S160,M025,14,2026-03-11
S161,M024,28,2026-02-12
S162,M069,25,2026-01-25
S163,M035,21,2026-03-04
S164,M095,14,2026-03-06
S165,M073,7,2026-02-21
S166,M083,14,2026-03-31
S167,M051,18,2026-03-27
S168,M092,24,2026-01-15
S169,M060,12,2026-01-09
S170,M080,14,2026-01-28
S171,M059,12,2026-04-05
S172,M004,19,2026-03-06
S173,M001,28,2026-03-28
S174,M021,6,2026-02-05
S175,M092,14,2026-02-15
S176,M052,7,2026-02-12
S177,M053,3,2026-02-01
S178,M032,3,2026-03-27
S179,M014,27,2026-03-16
S180,M031,15,2026-03-21
S181,M100,2,2026-01-08
S182,M011,3,2026-01-07
S183,M006,19,2026-03-31
S184,M001,9,2026-03-23
S185,M083,25,2026-02-12
S186,M048,24,2026-02-02
S187,M004,23,2026-01-21
S188,M025,24,2026-01-31
S189,M009,9,2026-02-15
S190,M041,27,2026-02-21
S191,M038,19,2026-01-12
S192,M090,5,2026-03-30
S193,M098,2,2026-02-28
S194,M018,8,2026-04-04
S195,M056,20,2026-01-16
S196,M097,7,2026-02-19
S197,M076,2,2026-03-31
S198,M091,29,2026-03-15
S199,M062,2,2026-02-21
S200,M012,12,2026-02-12
S201,M039,5,2026-03-06
S202,M091,22,2026-01-12
S203,M083,14,2026-03-24
S204,M068,23,2026-03-08
S205,M029,23,2026-01-22
S206,M013,25,2026-03-25
S207,M060,19,2026-03-09
S208,M060,7,2026-02-23
S209,M063,25,2026-04-05
S210,M025,11,2026-03-26
S211,M017,5,2026-01-18
S212,M059,4,2026-03-31
S213,M051,30,2026-03-10
S214,M045,13,2026-01-20
S215,M083,7,2026-01-17
S216,M063,1,2026-04-06
S217,M066,3,2026-01-11
S218,M015,30,2026-04-01
S219,M079,12,2026-02-18
S220,M009,25,2026-03-03
S221,M003,10,2026-03-14
S222,M004,24,2026-01-24
S223,M079,22,2026-03-29
S224,M075,3,2026-01-11
S225,M086,28,2026-03-31
S226,M089,19,2026-02-16
S227,M029,21,2026-03-12
S228,M035,14,2026-01-21
S229,M007,20,2026-04-06
S230,M057,27,2026-01-22
S231,M080,20,2026-02-25
S232,M004,5,2026-03-03
S233,M065,5,2026-03-19
S234,M051,14,2026-03-29
S235,M003,20,2026-02-03
S236,M045,29,2026-02-28
S237,M043,27,2026-04-02
S238,M069,26,2026-01-30
S239,M027,10,2026-02-12
S240,M064,7,2026-03-12
S241,M037,14,2026-03-04
S242,M060,11,2026-02-20
S243,M002,24,2026-03-05
S244,M010,9,2026-02-24
S245,M062,23,2026-01-18
S246,M029,3,2026-02-28
S247,M008,22,2026-03-18
S248,M045,5,2026-02-21
S249,M081,6,2026-04-03
S250,M094,15,2026-03-14
S251,M040,4,2026-02-04
S252,M086,27,2026-02-28
S253,M060,3,2026-02-01
S254,M049,10,2026-02-12
S255,M059,25,2026-03-13
S256,M057,6,2026-01-07
S257,M097,11,2026-03-15
S258,M080,8,2026-03-09
S259,M016,12,2026-01-19
S260,M040,19,2026-01-08
S261,M068,1,2026-02-06
S262,M024,14,2026-01-31
S263,M015,20,2026-02-26
S264,M068,21,2026-03-08
S265,M098,12,2026-03-25
S266,M044,7,2026-01-31
S267,M068,23,2026-03-20
S268,M087,16,2026-02-16
S269,M084,10,2026-03-02
S270,M013,24,2026-02-17
S271,M082,10,2026-02-13
S272,M084,22,2026-02-25
S273,M074,16,2026-01-10
S274,M007,21,2026-03-10
S275,M052,5,2026-03-31
S276,M028,9,2026-02-28
S277,M001,11,2026-01-17
S278,M089,28,2026-02-18
S279,M067,23,2026-01-19
S280,M018,22,2026-04-03
S281,M100,14,2026-02-17
S282,M075,1,2026-01-30
S283,M076,26,2026-03-25
S284,M063,28,2026-03-17
S285,M083,25,2026-03-15
S286,M058,12,2026-01-27
S287,M062,6,2026-03-21
S288,M038,9,2026-03-03
S289,M054,10,2026-02-19
S290,M038,25,2026-02-09
S291,M084,17,2026-03-25
S292,M078,26,2026-02-04
S293,M011,4,2026-02-09
S294,M057,12,2026-01-23
S295,M068,12,2026-01-20
S296,M065,27,2026-01-24
S297,M020,4,2026-03-02
S298,M092,24,2026-02-03
S299,M020,26,2026-01-31
S300,M099,19,2026-01-22
S301,M099,9,2026-02-21
S302,M098,5,2026-03-29
S303,M083,13,2026-04-03
S304,M035,21,2026-04-04
S305,M071,24,2026-02-14
S306,M044,9,2026-03-13
S307,M046,23,2026-03-23
S308,M086,4,2026-02-15
S309,M086,3,2026-01-10
S310,M006,23,2026-01-10
S311,M056,27,2026-03-25
S312,M087,15,2026-03-22
S313,M007,17,2026-01-22
S314,M047,18,2026-01-14
S315,M015,20,2026-01-23
S316,M037,19,2026-02-07
S317,M060,18,2026-03-27
S318,M021,14,2026-01-07
S319,M062,22,2026-03-23
S320,M092,10,2026-03-06
S321,M073,1,2026-02-15
S322,M051,9,2026-03-09
S323,M046,28,2026-03-28
S324,M077,21,2026-03-20
S325,M031,1,2026-01-11
S326,M003,25,2026-01-20
S327,M062,30,2026-02-11
S328,M098,21,2026-01-09
S329,M034,23,2026-01-09
S330,M087,3,2026-01-12
S331,M081,30,2026-01-14
S332,M035,25,2026-02-16
S333,M010,30,2026-03-31
S334,M066,22,2026-01-23
S335,M047,30,2026-01-24
S336,M041,14,2026-01-17
S337,M055,16,2026-03-13
S338,M026,9,2026-02-19
S339,M075,3,2026-02-12
S340,M025,8,2026-03-04
S341,M070,17,2026-02-05
S342,M093,20,2026-03-27
S343,M089,13,2026-04-06
S344,M005,17,2026-02-13
S345,M015,16,2026-04-03
S346,M089,28,2026-03-19
S347,M039,11,2026-02-22
S348,M060,25,2026-01-22
S349,M069,9,2026-03-11
S350,M016,7,2026-02-09
S351,M019,23,2026-02-04
S352,M069,6,2026-02-17
S353,M012,10,2026-01-21
S354,M020,20,2026-02-15
S355,M051,12,2026-01-31
S356,M037,2,2026-02-11
S357,M072,23,2026-01-08
S358,M010,19,2026-03-08
S359,M065,13,2026-03-12
S360,M061,1,2026-03-31
S361,M062,25,2026-02-27
S362,M099,26,2026-03-24
S363,M068,25,2026-02-22
S364,M095,4,2026-02-14
S365,M094,20,2026-04-04
S366,M051,15,2026-01-11
S367,M032,22,2026-03-28
S368,M030,17,2026-01-21
S369,M066,5,2026-01-17
S370,M055,27,2026-03-13
S371,M057,11,2026-01-28
S372,M048,27,2026-03-31
S373,M033,3,2026-03-07
S374,M093,5,2026-01-13
S375,M096,22,2026-03-26
S376,M051,12,2026-01-10
S377,M073,7,2026-01-28
S378,M009,28,2026-03-03
S379,M008,27,2026-02-26
S380,M080,28,2026-03-15
S381,M028,10,2026-01-26
S382,M088,17,2026-01-20
S383,M039,30,2026-02-08
S384,M001,4,2026-03-20
S385,M035,1,2026-02-07
S386,M073,28,2026-01-14
S387,M086,25,2026-03-28
S388,M028,11,2026-01-11
S389,M038,17,2026-02-21
S390,M022,18,2026-02-11
S391,M003,25,2026-01-10
S392,M055,19,2026-03-13
S393,M059,6,2026-03-06
S394,M070,27,2026-01-17
S395,M002,18,2026-03-13
S396,M053,29,2026-04-03
S397,M068,30,2026-03-09
S398,M050,22,2026-02-03
S399,M043,3,2026-01-30
S400,M036,4,2026-01-19
S401,M084,20,2026-04-06
S402,M078,16,2026-01-12
S403,M021,25,2026-02-16
S404,M037,30,2026-01-18
S405,M041,5,2026-01-11
S406,M034,3,2026-01-12
S407,M030,15,2026-01-28
S408,M084,20,2026-03-31
S409,M073,22,2026-02-04
S410,M004,5,2026-04-05
S411,M026,27,2026-04-05
S412,M016,15,2026-02-17
S413,M020,11,2026-01-09
S414,M097,24,2026-02-11
S415,M068,26,2026-02-07
S416,M040,9,2026-01-30
S417,M100,29,2026-01-31
S418,M071,9,2026-03-30
S419,M096,19,2026-03-18
S420,M042,1,2026-01-08
S421,M093,17,2026-01-20
S422,M087,7,2026-03-02
S423,M088,25,2026-03-05
S424,M005,7,2026-03-10
S425,M003,9,2026-02-06
S426,M061,28,2026-02-21
S427,M098,18,2026-01-12
S428,M100,6,2026-03-11
S429,M099,28,2026-01-20
S430,M030,22,2026-03-26
S431,M092,20,2026-02-13
S432,M084,24,2026-01-28
S433,M057,29,2026-01-28
S434,M044,28,2026-03-21
S435,M099,19,2026-01-20
S436,M096,6,2026-03-29
S437,M014,26,2026-02-07
S438,M080,7,2026-02-26
S439,M090,25,2026-02-24
S440,M072,26,2026-02-12
S441,M077,10,2026-03-31
S442,M001,18,2026-03-06
S443,M037,4,2026-04-02
S444,M100,10,2026-02-23
S445,M024,15,2026-02-28
S446,M038,5,2026-03-06
S447,M017,8,2026-03-05
S448,M027,10,2026-03-06
S449,M094,23,2026-02-19
S450,M007,12,2026-01-13
S451,M003,7,2026-03-25
S452,M090,12,2026-02-14
S453,M062,18,2026-02-08
S454,M015,19,2026-03-18
S455,M050,29,2026-04-04
S456,M022,11,2026-04-05
S457,M022,3,2026-02-04
S458,M018,29,2026-01-28
S459,M040,18,2026-02-25
S460,M083,16,2026-03-28
S461,M015,22,2026-03-07
S462,M002,29,2026-01-26
S463,M085,14,2026-02-01
S464,M086,1,2026-01-20
S465,M027,29,2026-02-13
S466,M025,16,2026-03-25
S467,M057,27,2026-03-19
S468,M006,14,2026-02-18
S469,M014,22,2026-01-10
S470,M080,15,2026-02-04
S471,M092,16,2026-03-25
S472,M098,12,2026-02-15
S473,M065,27,2026-04-04
S474,M039,13,2026-03-14
S475,M059,28,2026-02-28
S476,M083,1,2026-04-03
S477,M095,5,2026-01-28
S478,M027,11,2026-02-07
S479,M085,28,2026-03-09
S480,M019,14,2026-01-19
S481,M015,11,2026-03-23
S482,M060,14,2026-02-15
S483,M094,18,2026-03-12
S484,M042,19,2026-02-16
S485,M060,16,2026-02-10
S486,M054,14,2026-02-09
S487,M047,13,2026-02-08
S488,M051,24,2026-03-19
S489,M050,2,2026-01-27
S490,M035,28,2026-03-01
S491,M066,11,2026-03-15
S492,M062,23,2026-04-01
S493,M029,1,2026-01-26
S494,M007,20,2026-01-31
S495,M087,7,2026-01-17
S496,M044,3,2026-01-14
S497,M066,6,2026-02-19
S498,M047,22,2026-03-08
S499,M067,9,2026-02-28
S500,M051,2,2026-03-31
S501,M018,17,2026-01-25
S502,M012,4,2026-02-22
S503,M009,3,2026-01-12
S504,M046,7,2026-01-27
S505,M021,23,2026-03-12
S506,M076,19,2026-02-11
S507,M081,17,2026-01-29
S508,M025,6,2026-02-15
S509,M079,13,2026-04-02
S510,M066,20,2026-04-03
S511,M041,12,2026-02-24
S512,M076,27,2026-02-01
S513,M099,3,2026-03-18
S514,M042,23,2026-01-16
S515,M091,18,2026-02-18
S516,M091,23,2026-03-18
S517,M066,12,2026-03-19
S518,M084,15,2026-04-04
S519,M089,7,2026-01-14
S520,M058,3,2026-03-04
S521,M040,8,2026-02-28
S522,M095,27,2026-01-19
S523,M097,4,2026-03-20
S524,M071,20,2026-02-22
S525,M080,18,2026-02-24
S526,M088,20,2026-03-18
S527,M015,22,2026-01-24
S528,M076,3,2026-01-21
S529,M093,4,2026-03-29
S530,M008,7,2026-03-17
S531,M068,7,2026-03-13
S532,M070,11,2026-02-01
S533,M049,21,2026-03-24
S534,M070,8,2026-02-16
S535,M006,13,2026-02-18
S536,M066,28,2026-03-28
S537,M078,21,2026-01-14
S538,M071,5,2026-01-19
S539,M002,11,2026-04-03
S540,M025,16,2026-01-23
S541,M093,22,2026-03-29
S542,M097,18,2026-03-13
S543,M055,3,2026-03-25
S544,M023,18,2026-03-08
S545,M075,11,2026-02-26
S546,M027,10,2026-01-13
S547,M096,17,2026-03-26
S548,M004,2,2026-02-12
S549,M072,11,2026-03-01
S550,M019,16,2026-01-21
S551,M068,26,2026-03-17
S552,M031,28,2026-03-24
S553,M028,12,2026-03-08
S554,M085,16,2026-03-27
S555,M055,12,2026-02-21
S556,M036,8,2026-01-27
S557,M068,27,2026-03-25
S558,M072,2,2026-01-29
S559,M080,22,2026-02-20
S560,M081,13,2026-03-20
S561,M073,10,2026-03-18
S562,M031,20,2026-03-28
S563,M019,10,2026-01-28
S564,M055,17,2026-04-03
S565,M006,7,2026-03-09
S566,M003,23,2026-03-16
S567,M062,24,2026-02-07
S568,M060,26,2026-02-20
S569,M038,28,2026-02-16
S570,M015,18,2026-02-02
S571,M100,10,2026-03-02
S572,M016,12,2026-02-26
S573,M099,5,2026-03-22
S574,M030,20,2026-02-22
S575,M040,2,2026-03-27
S576,M047,26,2026-03-06
S577,M063,27,2026-02-20
S578,M041,19,2026-01-20
S579,M009,6,2026-04-03
S580,M091,18,2026-02-09
S581,M044,7,2026-01-31
S582,M096,21,2026-01-21
S583,M008,26,2026-03-06
S584,M087,10,2026-03-18
S585,M073,13,2026-02-27
S586,M008,26,2026-04-02
S587,M056,10,2026-01-12
S588,M082,15,2026-01-18
S589,M066,6,2026-02-15
S590,M080,22,2026-01-27
S591,M059,19,2026-03-31
S592,M047,21,2026-02-09
S593,M048,26,2026-01-30
S594,M014,7,2026-03-02
S595,M007,6,2026-02-07
S596,M041,14,2026-03-28
S597,M017,27,2026-02-09
S598,M074,25,2026-03-18
S599,M069,27,2026-03-01
S600,M019,18,2026-01-20
S601,M083,16,2026-03-13
S602,M044,19,2026-02-28
S603,M065,27,2026-02-24
S604,M085,26,2026-02-25
S605,M017,23,2026-03-22
S606,M040,9,2026-02-08
S607,M050,29,2026-03-11
S608,M058,24,2026-02-14
S609,M069,29,2026-02-26
S610,M030,17,2026-03-21
S611,M089,3,2026-02-08
S612,M041,25,2026-01-30
S613,M089,5,2026-03-01
S614,M075,20,2026-03-10
S615,M020,23,2026-02-26
S616,M011,7,2026-02-26
S617,M062,4,2026-03-26
S618,M100,16,2026-01-07
S619,M033,20,2026-03-21
S620,M018,23,2026-01-23
S621,M015,13,2026-01-23
S622,M090,24,2026-02-23
S623,M099,11,2026-04-05
S624,M022,1,2026-01-11
S625,M066,1,2026-02-12
S626,M057,2,2026-01-23
S627,M055,27,2026-03-10
S628,M043,19,2026-01-10
S629,M100,10,2026-03-28
S630,M010,12,2026-02-16
S631,M088,30,2026-04-01
S632,M082,25,2026-03-13
S633,M091,21,2026-03-13
S634,M026,11,2026-04-04
S635,M033,17,2026-02-03
S636,M060,15,2026-01-24
S637,M003,19,2026-03-05
S638,M046,24,2026-02-24
S639,M064,5,2026-02-15
S640,M029,23,2026-04-01
S641,M054,12,2026-02-16
S642,M099,20,2026-01-11
S643,M047,27,2026-02-23
S644,M014,9,2026-02-22
S645,M091,3,2026-01-13
S646,M049,17,2026-02-07
S647,M031,24,2026-01-19
S648,M023,22,2026-03-26
S649,M046,28,2026-03-18
S650,M009,15,2026-02-17
S651,M093,26,2026-01-07
S652,M098,28,2026-01-10
S653,M099,17,2026-02-04
S654,M028,24,2026-03-14
S655,M035,6,2026-03-30
S656,M051,29,2026-01-10
S657,M040,4,2026-02-16
S658,M015,30,2026-03-22
S659,M004,23,2026-03-21
S660,M005,6,2026-03-10
S661,M056,26,2026-01-19
S662,M005,1,2026-01-17
S663,M020,7,2026-02-19
S664,M100,3,2026-01-29
S665,M080,3,2026-02-11
S666,M067,29,2026-03-31
S667,M020,16,2026-02-11
S668,M019,11,2026-03-22
S669,M029,6,2026-03-15
S670,M096,1,2026-03-27
S671,M035,8,2026-03-21
S672,M087,25,2026-03-21
S673,M013,5,2026-01-28
S674,M041,26,2026-01-22
S675,M079,26,2026-02-07
S676,M085,29,2026-04-02
S677,M076,18,2026-02-12
S678,M003,20,2026-03-15
S679,M077,13,2026-01-07
S680,M023,2,2026-04-01
S681,M089,13,2026-04-01
S682,M047,20,2026-02-04
S683,M099,11,2026-03-08
S684,M028,5,2026-04-05
S685,M084,13,2026-03-03
S686,M052,19,2026-03-30
S687,M083,24,2026-01-27
S688,M016,30,2026-03-24
S689,M082,15,2026-03-17
S690,M009,18,2026-03-29
S691,M092,22,2026-01-14
S692,M046,22,2026-03-28
S693,M074,23,2026-02-14
S694,M057,8,2026-01-24
S695,M071,5,2026-02-01
S696,M098,25,2026-02-11
S697,M059,25,2026-04-06
S698,M070,4,2026-01-10
S699,M006,15,2026-03-07
S700,M049,3,2026-03-08
S701,M089,17,2026-04-05
S702,M071,30,2026-01-12
S703,M025,1,2026-03-18
S704,M023,18,2026-02-01
S705,M020,4,2026-01-30
S706,M046,2,2026-03-12
S707,M060,2,2026-03-29
S708,M039,13,2026-02-22
S709,M062,12,2026-03-01
S710,M023,19,2026-03-24
S711,M009,25,2026-02-04
S712,M066,17,2026-01-10
S713,M057,27,2026-01-26
S714,M090,29,2026-03-10
S715,M098,6,2026-02-11
S716,M004,11,2026-03-20
S717,M086,6,2026-01-16
S718,M088,6,2026-02-14
S719,M014,13,2026-02-26
S720,M089,11,2026-03-07
S721,M048,17,2026-01-26
S722,M096,1,2026-02-25
S723,M072,5,2026-01-30
S724,M051,8,2026-03-28
S725,M077,19,2026-01-14
S726,M086,19,2026-04-06
S727,M040,1,2026-04-05
S728,M094,21,2026-04-06
S729,M018,8,2026-01-24
S730,M049,28,2026-02-27
S731,M002,12,2026-02-25
S732,M008,30,2026-03-29
S733,M019,4,2026-03-21
S734,M099,27,2026-02-24
S735,M016,23,2026-02-09
S736,M098,19,2026-01-07
S737,M100,24,2026-02-12
S738,M046,25,2026-02-15
S739,M015,13,2026-02-22
S740,M075,11,2026-04-06
S741,M081,10,2026-03-18
S742,M037,26,2026-01-20
S743,M039,10,2026-03-06
S744,M046,6,2026-01-23
S745,M060,25,2026-01-15
S746,M060,1,2026-02-06
S747,M054,5,2026-03-17
S748,M086,13,2026-02-18
S749,M031,23,2026-01-12
S750,M070,26,2026-01-20
S751,M095,20,2026-04-01
S752,M094,19,2026-03-08
S753,M089,20,2026-02-12
S754,M043,30,2026-02-10
S755,M047,6,2026-03-23
S756,M037,12,2026-02-27
S757,M082,25,2026-01-22
S758,M078,11,2026-02-17
S759,M100,23,2026-02-27
S760,M077,5,2026-02-22
S761,M078,8,2026-03-05
S762,M018,27,2026-02-04
S763,M034,4,2026-02-03
S764,M041,28,2026-04-04
S765,M040,10,2026-02-07
S766,M087,20,2026-02-23
S767,M098,22,2026-03-21
S768,M090,27,2026-01-17
S769,M001,1,2026-02-13
S770,M083,17,2026-03-15
S771,M015,26,2026-01-28
S772,M036,20,2026-01-15
S773,M057,30,2026-02-06
S774,M050,5,2026-03-31
S775,M087,23,2026-03-11
S776,M091,19,2026-01-07
S777,M095,28,2026-03-13
S778,M037,11,2026-01-21
S779,M077,24,2026-03-31
S780,M084,1,2026-03-25
S781,M059,30,2026-01-26
S782,M057,12,2026-04-06
S783,M044,28,2026-02-02
S784,M050,16,2026-02-13
S785,M046,12,2026-01-12
S786,M027,3,2026-02-02
S787,M027,2,2026-01-17
S788,M024,24,2026-04-02
S789,M058,28,2026-03-26
S790,M079,28,2026-03-03
S791,M038,12,2026-02-11
S792,M080,6,2026-02-24
S793,M056,2,2026-01-13
S794,M008,21,2026-03-08
S795,M042,1,2026-03-14
S796,M089,1,2026-02-21
S797,M029,17,2026-03-21
S798,M028,16,2026-03-08
S799,M043,2,2026-04-01
S800,M073,24,2026-03-19
S801,M009,30,2026-02-25
S802,M049,15,2026-01-26
S803,M017,17,2026-01-27
S804,M011,3,2026-02-09
S805,M092,26,2026-01-26
S806,M048,30,2026-01-25
S807,M027,19,2026-03-07
S808,M099,22,2026-02-03
S809,M018,14,2026-01-24
S810,M034,9,2026-04-05
S811,M071,3,2026-03-20
S812,M024,6,2026-03-07
S813,M018,14,2026-03-07
S814,M022,21,2026-03-15
S815,M068,21,2026-04-01
S816,M057,24,2026-01-24
S817,M018,13,2026-01-12
S818,M003,15,2026-03-03
S819,M025,3,2026-02-08
S820,M026,16,2026-02-28
S821,M044,12,2026-03-16
S822,M091,11,2026-02-17
S823,M078,23,2026-02-28
S824,M015,17,2026-01-22
S825,M079,9,2026-03-30
S826,M034,9,2026-01-18
S827,M073,19,2026-02-06
S828,M079,23,2026-02-20
S829,M040,14,2026-03-26
S830,M066,9,2026-02-04
S831,M099,5,2026-01-15
S832,M074,27,2026-03-09
S833,M028,24,2026-03-23
S834,M066,12,2026-03-23
S835,M074,28,2026-01-14
S836,M064,23,2026-01-11
S837,M062,2,2026-03-28
S838,M052,25,2026-03-10
S839,M032,12,2026-01-09
S840,M019,17,2026-04-05
S841,M050,8,2026-02-20
S842,M040,4,2026-02-16
S843,M018,19,2026-03-30
S844,M100,21,2026-02-08
S845,M010,16,2026-03-26
S846,M059,5,2026-02-16
S847,M032,19,2026-01-07
S848,M012,11,2026-04-06
S849,M085,25,2026-04-06
S850,M083,11,2026-01-24
S851,M039,30,2026-04-04
S852,M008,30,2026-01-28
S853,M021,27,2026-01-14
S854,M016,5,2026-02-11
S855,M050,1,2026-03-04
S856,M076,30,2026-01-24
S857,M049,23,2026-02-21
S858,M024,10,2026-01-23
S859,M084,16,2026-02-04
S860,M082,3,2026-02-08
S861,M019,2,2026-03-22
S862,M088,24,2026-04-06
S863,M050,27,2026-01-24
S864,M091,22,2026-02-11
S865,M045,3,2026-01-25
S866,M011,18,2026-01-10
S867,M093,17,2026-02-01
S868,M058,11,2026-01-28
S869,M081,24,2026-02-23
S870,M080,12,2026-03-21
S871,M043,30,2026-02-11
S872,M042,17,2026-03-31
S873,M083,3,2026-03-14
S874,M020,29,2026-01-18
S875,M079,17,2026-03-11
S876,M024,27,2026-01-15
S877,M073,30,2026-02-04
S878,M099,25,2026-01-17
S879,M085,2,2026-03-02
S880,M013,21,2026-03-04
S881,M036,15,2026-01-21
S882,M064,22,2026-02-25
S883,M041,24,2026-03-11
S884,M052,25,2026-03-30
S885,M038,24,2026-03-02
S886,M030,15,2026-01-31
S887,M092,1,2026-03-31
S888,M089,20,2026-02-20
S889,M003,18,2026-02-01
S890,M067,18,2026-02-05
S891,M016,21,2026-03-21
S892,M008,23,2026-03-09
S893,M094,11,2026-03-26
S894,M088,21,2026-04-02
S895,M016,6,2026-01-10
S896,M071,19,2026-03-17
S897,M028,6,2026-03-03
S898,M098,8,2026-03-18
S899,M048,20,2026-02-17
S900,M058,24,2026-01-08
S901,M030,30,2026-01-25
S902,M078,9,2026-03-12
S903,M070,10,2026-04-03
S904,M093,27,2026-02-11
S905,M065,13,2026-03-13
S906,M011,26,2026-01-10
S907,M074,22,2026-02-15
S908,M040,23,2026-02-28
S909,M041,15,2026-02-14
S910,M099,10,2026-03-21
S911,M060,9,2026-02-14
S912,M022,24,2026-03-22
S913,M078,12,2026-03-23
S914,M078,4,2026-03-23
S915,M066,11,2026-04-02
S916,M087,24,2026-01-10
S917,M047,18,2026-01-30
S918,M043,20,2026-04-06
S919,M002,29,2026-01-28
S920,M051,17,2026-01-11
S921,M076,27,2026-03-03
S922,M008,29,2026-01-29
S923,M039,30,2026-01-11
S924,M035,26,2026-01-21
S925,M081,9,2026-01-22
S926,M085,8,2026-02-20
S927,M033,29,2026-03-19
S928,M049,8,2026-02-21
S929,M054,16,2026-01-24
S930,M024,15,2026-01-26
S931,M038,28,2026-03-17
S932,M097,5,2026-03-20
S933,M014,11,2026-01-13
S934,M013,8,2026-04-02
S935,M042,29,2026-02-19
S936,M003,28,2026-01-15
S937,M006,23,2026-02-19
S938,M003,8,2026-03-11
S939,M042,11,2026-01-18
S940,M015,20,2026-04-01
S941,M005,15,2026-03-07
S942,M043,29,2026-03-22
S943,M061,30,2026-02-03
S944,M059,20,2026-03-09
S945,M037,24,2026-01-28
S946,M044,11,2026-03-07
S947,M081,11,2026-01-12
S948,M073,23,2026-03-19
S949,M096,25,2026-02-28
S950,M084,3,2026-04-04
S951,M085,7,2026-01-25
S952,M055,27,2026-03-21
S953,M083,5,2026-01-23
S954,M076,10,2026-02-07
S955,M004,13,2026-03-06
S956,M005,3,2026-02-17
S957,M038,11,2026-02-14
S958,M023,23,2026-03-30
S959,M058,3,2026-02-11
S960,M033,18,2026-02-23
S961,M083,19,2026-01-26
S962,M049,17,2026-01-17
S963,M051,29,2026-01-26
S964,M048,30,2026-01-28
S965,M081,27,2026-01-10
S966,M008,9,2026-01-07
S967,M025,22,2026-01-26
S968,M029,22,2026-03-17
S969,M098,13,2026-03-13
S970,M008,17,2026-03-11
S971,M011,4,2026-02-14
S972,M053,8,2026-02-19
S973,M079,19,2026-03-30
S974,M048,16,2026-01-13
S975,M077,4,2026-02-27
S976,M049,24,2026-01-21
S977,M078,17,2026-03-11
S978,M042,12,2026-01-24
S979,M077,14,2026-02-04
S980,M020,24,2026-03-12
S981,M006,1,2026-03-23
S982,M055,2,2026-03-23
S983,M041,25,2026-01-09
S984,M038,21,2026-01-31
S985,M087,4,2026-03-09
S986,M061,18,2026-03-17
S987,M025,22,2026-01-15
S988,M079,2,2026-02-22
S989,M047,8,2026-03-27
S990,M004,5,2026-01-08
S991,M088,23,2026-02-09
S992,M054,10,2026-03-15
S993,M067,20,2026-03-07
S994,M061,7,2026-03-15
S995,M077,5,2026-02-13
S996,M012,13,2026-01-07
S997,M095,25,2026-04-03
S998,M052,17,2026-03-24
S999,M093,14,2026-03-23
S1000,M043,22,2026-03-05
S1001,M042,22,2026-01-30
S1002,M007,8,2026-03-23
S1003,M012,9,2026-01-31
S1004,M013,27,2026-02-15
S1005,M015,2,2026-03-30
S1006,M083,13,2026-01-26
S1007,M062,8,2026-01-31
S1008,M091,1,2026-02-02
S1009,M051,2,2026-01-15
S1010,M095,1,2026-02-16
S1011,M011,21,2026-03-08
S1012,M055,30,2026-03-18
S1013,M058,17,2026-03-13
S1014,M055,3,2026-01-16
S1015,M030,5,2026-04-06
S1016,M090,14,2026-02-24
S1017,M021,22,2026-04-02
S1018,M054,26,2026-03-23
S1019,M020,22,2026-01-20
S1020,M034,21,2026-02-13
S1021,M024,25,2026-03-11
S1022,M066,6,2026-01-11
S1023,M015,23,2026-03-09
S1024,M076,11,2026-01-07
S1025,M026,17,2026-02-10
S1026,M032,24,2026-03-01
S1027,M075,14,2026-01-16
S1028,M031,13,2026-01-13
S1029,M079,15,2026-01-21
S1030,M092,9,2026-02-20
S1031,M044,7,2026-02-03
S1032,M096,17,2026-01-23
S1033,M014,16,2026-04-02
S1034,M039,30,2026-01-27
S1035,M036,19,2026-01-07
S1036,M039,5,2026-01-19
S1037,M051,7,2026-02-13
S1038,M019,10,2026-04-02
S1039,M023,26,2026-03-06
S1040,M034,20,2026-01-27
S1041,M098,21,2026-02-07
S1042,M027,30,2026-02-13
S1043,M083,26,2026-01-31
S1044,M078,28,2026-02-15
S1045,M008,23,2026-01-14
S1046,M059,11,2026-04-02
S1047,M052,14,2026-02-14
S1048,M030,29,2026-01-17
S1049,M054,24,2026-01-13
S1050,M035,28,2026-03-19
S1051,M088,13,2026-02-02
S1052,M045,1,2026-02-09
S1053,M087,3,2026-03-24
S1054,M019,22,2026-03-18
S1055,M024,20,2026-02-25
S1056,M063,1,2026-01-21
S1057,M080,30,2026-03-31
S1058,M072,12,2026-01-27
S1059,M086,23,2026-02-09
S1060,M019,28,2026-02-11
S1061,M093,13,2026-03-26
S1062,M052,14,2026-03-30
S1063,M043,7,2026-01-28
S1064,M072,9,2026-01-28
S1065,M083,12,2026-03-08
S1066,M075,10,2026-03-02
S1067,M042,10,2026-02-26
S1068,M066,30,2026-03-05
S1069,M063,14,2026-01-20
S1070,M046,28,2026-03-21
S1071,M073,18,2026-04-04
S1072,M035,28,2026-01-17
S1073,M023,8,2026-03-10
S1074,M054,18,2026-02-08
S1075,M025,20,2026-03-09
S1076,M046,8,2026-01-10
S1077,M044,4,2026-01-13
S1078,M074,3,2026-03-27
S1079,M049,14,2026-03-14
S1080,M090,9,2026-04-04
S1081,M038,29,2026-02-06
S1082,M048,13,2026-03-23
S1083,M033,16,2026-03-16
S1084,M090,20,2026-01-14
S1085,M010,20,2026-02-13
S1086,M027,15,2026-03-20
S1087,M086,26,2026-01-26
S1088,M037,12,2026-01-09
S1089,M024,2,2026-02-28
S1090,M021,5,2026-02-08
S1091,M025,16,2026-02-23
S1092,M027,15,2026-04-02
S1093,M087,24,2026-03-30
S1094,M014,1,2026-01-25
S1095,M021,5,2026-04-05
S1096,M085,23,2026-01-20
S1097,M008,10,2026-01-24
S1098,M097,30,2026-03-04
S1099,M006,3,2026-04-01
S1100,M097,7,2026-02-01
S1101,M018,19,2026-04-06
S1102,M030,8,2026-02-12
S1103,M021,18,2026-03-12
S1104,M096,13,2026-02-11
S1105,M048,19,2026-01-17
S1106,M047,21,2026-01-14
S1107,M038,5,2026-02-21
S1108,M093,21,2026-02-09
S1109,M012,29,2026-02-18
S1110,M094,19,2026-02-20
S1111,M001,6,2026-01-23
S1112,M088,4,2026-01-12
S1113,M089,12,2026-04-03
S1114,M038,29,2026-03-13
S1115,M082,26,2026-02-08
S1116,M056,9,2026-02-09
S1117,M051,27,2026-02-10
S1118,M049,14,2026-03-28
S1119,M023,8,2026-03-15
S1120,M018,9,2026-01-24
S1121,M033,20,2026-01-16
S1122,M027,3,2026-03-25
S1123,M093,17,2026-03-07
S1124,M084,29,2026-02-26
S1125,M067,15,2026-03-14
S1126,M069,13,2026-02-24
S1127,M085,22,2026-03-06
S1128,M047,21,2026-04-01
S1129,M066,5,2026-04-03
S1130,M090,21,2026-01-25
S1131,M022,27,2026-03-17
S1132,M031,18,2026-02-13
S1133,M009,25,2026-01-17
S1134,M047,25,2026-02-10
S1135,M052,13,2026-02-18
S1136,M079,2,2026-02-08
S1137,M033,12,2026-03-10
S1138,M011,10,2026-03-13
S1139,M081,24,2026-03-28
S1140,M053,27,2026-01-24
S1141,M002,6,2026-03-26
S1142,M061,16,2026-03-09
S1143,M096,6,2026-02-10
S1144,M092,30,2026-02-16
S1145,M031,8,2026-02-01
S1146,M076,29,2026-01-24
S1147,M094,13,2026-02-02
S1148,M068,22,2026-03-19
S1149,M004,16,2026-01-15
S1150,M050,9,2026-02-18
S1151,M071,8,2026-01-15
S1152,M067,14,2026-04-03
S1153,M018,14,2026-03-28
S1154,M003,10,2026-03-22
S1155,M055,13,2026-02-10
S1156,M045,12,2026-03-23
S1157,M083,21,2026-02-04
S1158,M084,12,2026-03-31
S1159,M063,21,2026-01-10
S1160,M077,23,2026-03-10
S1161,M059,19,2026-02-21
S1162,M049,22,2026-01-11
S1163,M051,27,2026-01-18
S1164,M088,25,2026-01-18
S1165,M095,12,2026-03-10
S1166,M036,7,2026-01-07
S1167,M067,11,2026-02-09
S1168,M085,18,2026-02-20
S1169,M008,23,2026-02-05
S1170,M005,1,2026-01-11
S1171,M035,8,2026-02-01
S1172,M039,7,2026-02-16
S1173,M042,10,2026-02-07
S1174,M003,27,2026-01-22
S1175,M020,29,2026-02-08
S1176,M014,22,2026-03-03
S1177,M073,6,2026-02-17
S1178,M033,12,2026-01-21
S1179,M042,24,2026-01-25
S1180,M043,13,2026-01-10
S1181,M038,7,2026-03-30
S1182,M091,27,2026-02-21
S1183,M056,17,2026-01-20
S1184,M027,12,2026-02-02
S1185,M059,6,2026-03-27
S1186,M031,30,2026-01-26
S1187,M046,20,2026-02-06
S1188,M057,22,2026-01-24
S1189,M063,12,2026-03-19
S1190,M027,9,2026-04-06
S1191,M062,21,2026-04-05
S1192,M024,15,2026-03-22
S1193,M077,12,2026-01-15
S1194,M033,9,2026-02-04
S1195,M037,1,2026-02-19
S1196,M027,19,2026-01-15
S1197,M083,15,2026-02-16
S1198,M035,27,2026-02-26
S1199,M072,27,2026-03-29
S1200,M011,6,2026-02-20
S1201,M098,11,2026-02-03
S1202,M042,11,2026-02-17
S1203,M020,9,2026-02-03
S1204,M085,25,2026-02-02
S1205,M013,20,2026-04-05
S1206,M049,3,2026-03-17
S1207,M041,1,2026-03-15
S1208,M018,19,2026-01-11
S1209,M065,27,2026-01-21
S1210,M054,23,2026-02-03
S1211,M039,2,2026-02-15
S1212,M086,20,2026-03-14
S1213,M006,30,2026-04-04
S1214,M016,9,2026-01-24
S1215,M084,5,2026-03-04
S1216,M071,11,2026-03-27
S1217,M076,18,2026-01-23
S1218,M024,11,2026-02-09
S1219,M083,27,2026-03-14
S1220,M031,3,2026-03-01
S1221,M088,2,2026-01-14
S1222,M038,21,2026-01-16
S1223,M017,2,2026-01-19
S1224,M037,29,2026-01-31
S1225,M048,30,2026-03-05
S1226,M097,3,2026-02-12
S1227,M060,15,2026-02-10
S1228,M044,22,2026-01-17
S1229,M002,7,2026-03-28
S1230,M036,10,2026-02-20
S1231,M081,3,2026-01-22
S1232,M085,4,2026-03-02
S1233,M048,15,2026-03-18
S1234,M096,28,2026-03-14
S1235,M055,3,2026-02-16
S1236,M019,27,2026-03-09
S1237,M037,26,2026-01-16
S1238,M048,18,2026-03-22
S1239,M042,7,2026-03-08
S1240,M024,9,2026-03-19
S1241,M078,12,2026-03-09
S1242,M040,20,2026-03-31
S1243,M014,26,2026-02-24
S1244,M099,19,2026-03-24
S1245,M054,1,2026-03-02
S1246,M001,10,2026-02-17
S1247,M084,12,2026-02-07
S1248,M066,27,2026-01-24
S1249,M013,12,2026-02-25
S1250,M032,7,2026-01-23
S1251,M019,5,2026-01-23
S1252,M003,8,2026-01-29
S1253,M062,4,2026-01-29
S1254,M098,10,2026-04-01
S1255,M016,13,2026-02-28
S1256,M038,8,2026-03-05
S1257,M087,22,2026-02-16
S1258,M091,5,2026-02-11
S1259,M020,23,2026-03-14
S1260,M005,9,2026-02-09
S1261,M070,12,2026-01-16
S1262,M032,4,2026-02-11
S1263,M083,28,2026-03-07
S1264,M061,22,2026-03-31
S1265,M095,12,2026-03-23
S1266,M013,29,2026-03-28
S1267,M044,27,2026-03-14
S1268,M096,20,2026-03-19
S1269,M063,28,2026-01-30
S1270,M028,19,2026-03-16
S1271,M062,13,2026-02-01
S1272,M066,21,2026-01-30
S1273,M071,25,2026-03-18
S1274,M015,4,2026-02-24
S1275,M060,21,2026-03-05
S1276,M089,1,2026-02-17
S1277,M075,9,2026-01-27
S1278,M078,16,2026-03-23
S1279,M089,30,2026-03-31
S1280,M090,28,2026-02-06
S1281,M065,29,2026-02-18
S1282,M004,11,2026-03-28
S1283,M012,16,2026-03-20
S1284,M008,21,2026-04-06
S1285,M007,25,2026-02-22
S1286,M054,2,2026-04-06
S1287,M037,1,2026-01-25
S1288,M073,13,2026-02-22
S1289,M043,3,2026-02-08
S1290,M079,12,2026-01-07
S1291,M080,18,2026-02-03
S1292,M067,26,2026-03-22
S1293,M094,13,2026-02-03
S1294,M042,7,2026-02-09
S1295,M051,23,2026-01-09
S1296,M035,15,2026-03-28
S1297,M055,27,2026-02-18
S1298,M056,30,2026-04-05
S1299,M094,7,2026-03-09
S1300,M085,29,2026-04-03
S1301,M055,11,2026-03-22
S1302,M070,23,2026-01-17
S1303,M038,22,2026-02-07
S1304,M004,4,2026-02-17
S1305,M096,5,2026-03-18
S1306,M022,6,2026-01-29
S1307,M057,16,2026-03-21
S1308,M010,8,2026-02-13
S1309,M084,25,2026-04-03
S1310,M010,29,2026-03-15
S1311,M046,13,2026-01-26
S1312,M052,8,2026-03-19
S1313,M085,11,2026-01-14
S1314,M041,30,2026-03-19
S1315,M061,8,2026-02-25
S1316,M037,28,2026-02-03
S1317,M030,5,2026-02-19
S1318,M039,4,2026-02-05
S1319,M050,5,2026-03-03
S1320,M017,25,2026-01-07
S1321,M066,17,2026-03-01
S1322,M038,14,2026-04-05
S1323,M024,8,2026-01-24
S1324,M070,27,2026-03-17
S1325,M001,30,2026-01-16
S1326,M099,13,2026-03-04
S1327,M030,18,2026-02-26
S1328,M086,11,2026-02-04
S1329,M089,17,2026-02-11
S1330,M095,4,2026-04-04
S1331,M009,27,2026-02-04
S1332,M056,7,2026-01-10
S1333,M088,17,2026-03-31
S1334,M007,1,2026-01-22
S1335,M022,29,2026-02-14
S1336,M017,22,2026-02-15
S1337,M024,13,2026-02-25
S1338,M003,21,2026-03-21
S1339,M050,17,2026-03-02
S1340,M013,21,2026-02-12
S1341,M054,21,2026-02-03
S1342,M057,27,2026-03-16
S1343,M047,14,2026-03-30
S1344,M029,12,2026-02-14
S1345,M024,19,2026-01-25
S1346,M051,6,2026-02-12
S1347,M067,7,2026-01-12
S1348,M032,25,2026-04-01
S1349,M001,14,2026-01-17
S1350,M020,18,2026-02-27
S1351,M015,11,2026-01-08
S1352,M052,13,2026-01-31
S1353,M077,22,2026-01-24
S1354,M037,27,2026-03-03
S1355,M056,26,2026-02-12
S1356,M098,4,2026-01-12
S1357,M027,8,2026-01-10
S1358,M031,5,2026-03-05
S1359,M019,1,2026-02-18
S1360,M076,6,2026-01-17
S1361,M024,17,2026-03-11
S1362,M014,2,2026-03-29
S1363,M060,14,2026-01-19
S1364,M003,8,2026-03-01
S1365,M063,29,2026-01-19
S1366,M067,16,2026-01-13
S1367,M010,20,2026-02-24
S1368,M016,30,2026-03-21
S1369,M045,3,2026-02-28
S1370,M025,14,2026-03-01
S1371,M029,2,2026-02-20
S1372,M097,2,2026-03-14
S1373,M087,17,2026-02-05
S1374,M041,2,2026-02-06
S1375,M045,25,2026-02-17
S1376,M031,16,2026-02-05
S1377,M071,7,2026-03-21
S1378,M030,6,2026-02-05
S1379,M059,14,2026-03-13
S1380,M027,4,2026-02-21
S1381,M021,9,2026-01-23
S1382,M038,9,2026-03-27
S1383,M065,9,2026-01-13
S1384,M100,2,2026-03-20
S1385,M092,3,2026-02-25
S1386,M058,29,2026-03-25
S1387,M094,21,2026-01-08
S1388,M007,1,2026-02-08
S1389,M100,13,2026-03-16
S1390,M007,18,2026-01-20
S1391,M081,16,2026-03-16
S1392,M083,20,2026-03-02
S1393,M025,9,2026-01-20
S1394,M053,10,2026-02-18
S1395,M060,17,2026-01-07
S1396,M059,19,2026-02-19
S1397,M053,12,2026-01-13
S1398,M016,17,2026-01-22
S1399,M069,14,2026-01-17
S1400,M025,17,2026-02-15
S1401,M033,27,2026-03-13
S1402,M043,3,2026-01-17
S1403,M029,30,2026-01-23
S1404,M028,22,2026-01-19
S1405,M074,14,2026-03-18
S1406,M089,16,2026-02-17
S1407,M093,6,2026-01-31
S1408,M008,23,2026-01-31
S1409,M030,20,2026-03-01
S1410,M073,13,2026-02-26
S1411,M079,7,2026-02-05
S1412,M031,10,2026-03-04
S1413,M053,8,2026-02-01
S1414,M067,21,2026-03-26
S1415,M013,28,2026-02-01
S1416,M082,15,2026-02-18
S1417,M009,24,2026-02-06
S1418,M059,9,2026-03-03
S1419,M032,11,2026-01-08
S1420,M073,1,2026-03-21
S1421,M023,10,2026-01-19
S1422,M061,5,2026-01-19
S1423,M010,29,2026-02-14
S1424,M054,22,2026-02-20
S1425,M093,18,2026-02-22
S1426,M045,12,2026-04-02
S1427,M061,7,2026-02-26
S1428,M033,14,2026-04-02
S1429,M065,16,2026-04-03
S1430,M098,18,2026-01-18
S1431,M100,9,2026-02-28
S1432,M052,23,2026-01-19
S1433,M017,12,2026-03-15
S1434,M032,28,2026-03-29
S1435,M075,16,2026-01-14
S1436,M092,5,2026-02-26
S1437,M087,17,2026-02-04
S1438,M067,13,2026-03-07
S1439,M080,14,2026-02-01
S1440,M062,15,2026-01-29
S1441,M091,4,2026-01-13
S1442,M019,30,2026-01-14
S1443,M041,12,2026-02-06
S1444,M012,28,2026-04-03
S1445,M079,24,2026-04-04
S1446,M096,22,2026-02-27
S1447,M028,26,2026-04-02
S1448,M051,21,2026-02-03
S1449,M007,27,2026-02-28
S1450,M032,28,2026-02-10
S1451,M092,14,2026-02-26
S1452,M013,30,2026-02-11
S1453,M081,16,2026-03-13
S1454,M044,15,2026-03-20
S1455,M026,10,2026-02-01
S1456,M007,11,2026-01-07
S1457,M059,22,2026-02-20
S1458,M061,5,2026-01-18
S1459,M056,11,2026-02-18
S1460,M028,13,2026-01-10
S1461,M033,22,2026-02-20
S1462,M096,5,2026-02-26
S1463,M099,5,2026-03-29
S1464,M069,16,2026-01-26
S1465,M057,14,2026-02-28
S1466,M025,24,2026-02-01
S1467,M011,25,2026-03-13
S1468,M018,29,2026-03-19
S1469,M013,16,2026-03-19
S1470,M075,19,2026-02-10
S1471,M062,15,2026-01-18
S1472,M073,13,2026-02-15
S1473,M002,9,2026-02-04
S1474,M040,16,2026-02-23
S1475,M038,25,2026-01-13
S1476,M025,26,2026-02-23
S1477,M071,14,2026-03-28
S1478,M086,4,2026-03-03
S1479,M097,6,2026-03-13
S1480,M005,14,2026-03-10
S1481,M050,30,2026-02-23
S1482,M079,11,2026-02-20
S1483,M017,23,2026-02-05
S1484,M051,11,2026-03-29
S1485,M009,10,2026-03-26
S1486,M091,30,2026-02-10
S1487,M042,4,2026-03-18
S1488,M021,26,2026-03-21
S1489,M100,30,2026-01-17
S1490,M013,10,2026-01-21
S1491,M059,11,2026-02-27
S1492,M079,14,2026-03-19
S1493,M022,18,2026-01-16
S1494,M077,13,2026-01-12
S1495,M032,19,2026-01-11
S1496,M025,18,2026-01-27
S1497,M063,14,2026-01-22
S1498,M037,3,2026-04-03
S1499,M090,22,2026-01-13
S1500,M097,11,2026-03-28
